{
"meta":{"test_sets":[],"test_metrics":[],"learn_metrics":[{"best_value":"Min","name":"Logloss"}],"launch_mode":"Train","parameters":"","iteration_count":100,"learn_sets":["learn"],"name":"experiment"},
"iterations":[
{"learn":[0.456856444],"iteration":0,"passed_time":0.1817932986,"remaining_time":17.99753657},
{"learn":[0.3195804166],"iteration":1,"passed_time":0.1997593754,"remaining_time":9.788209397},
{"learn":[0.2301238407],"iteration":2,"passed_time":0.2188250409,"remaining_time":7.07534299},
{"learn":[0.1685290378],"iteration":3,"passed_time":0.2278048075,"remaining_time":5.467315379},
{"learn":[0.1253846457],"iteration":4,"passed_time":0.2477287515,"remaining_time":4.706846279},
{"learn":[0.09427965072],"iteration":5,"passed_time":0.2688242087,"remaining_time":4.211579269},
{"learn":[0.07139711465],"iteration":6,"passed_time":0.2897488875,"remaining_time":3.849520934},
{"learn":[0.05451959233],"iteration":7,"passed_time":0.3082473044,"remaining_time":3.544844},
{"learn":[0.0419106214],"iteration":8,"passed_time":0.3245718645,"remaining_time":3.281782185},
{"learn":[0.03256475264],"iteration":9,"passed_time":0.3406334911,"remaining_time":3.06570142},
{"learn":[0.02545071063],"iteration":10,"passed_time":0.3567534935,"remaining_time":2.886460084},
{"learn":[0.02006123004],"iteration":11,"passed_time":0.3741719772,"remaining_time":2.743927833},
{"learn":[0.01617391769],"iteration":12,"passed_time":0.394376723,"remaining_time":2.639290377},
{"learn":[0.01308592064],"iteration":13,"passed_time":0.4059101381,"remaining_time":2.493447991},
{"learn":[0.01062075483],"iteration":14,"passed_time":0.4157189009,"remaining_time":2.355740438},
{"learn":[0.008565281344],"iteration":15,"passed_time":0.4236166797,"remaining_time":2.223987569},
{"learn":[0.007041017347],"iteration":16,"passed_time":0.4349220483,"remaining_time":2.123442942},
{"learn":[0.005877823131],"iteration":17,"passed_time":0.4403568966,"remaining_time":2.006070307},
{"learn":[0.005017741467],"iteration":18,"passed_time":0.4489492646,"remaining_time":1.913941602},
{"learn":[0.004237541903],"iteration":19,"passed_time":0.4541203425,"remaining_time":1.81648137},
{"learn":[0.003788018554],"iteration":20,"passed_time":0.4618108529,"remaining_time":1.737288447},
{"learn":[0.003410630554],"iteration":21,"passed_time":0.4677962108,"remaining_time":1.658550202},
{"learn":[0.003032811577],"iteration":22,"passed_time":0.4738763691,"remaining_time":1.586455671},
{"learn":[0.002737721695],"iteration":23,"passed_time":0.4813639685,"remaining_time":1.524319233},
{"learn":[0.002371003874],"iteration":24,"passed_time":0.4865100453,"remaining_time":1.459530136},
{"learn":[0.002108168662],"iteration":25,"passed_time":0.4943206017,"remaining_time":1.406912482},
{"learn":[0.002013903338],"iteration":26,"passed_time":0.4992869597,"remaining_time":1.349924002},
{"learn":[0.001863214668],"iteration":27,"passed_time":0.504825948,"remaining_time":1.298123866},
{"learn":[0.001758820291],"iteration":28,"passed_time":0.5122341039,"remaining_time":1.254090392},
{"learn":[0.001647268773],"iteration":29,"passed_time":0.5170792022,"remaining_time":1.206518139},
{"learn":[0.001540220983],"iteration":30,"passed_time":0.5249335027,"remaining_time":1.168400377},
{"learn":[0.001444013061],"iteration":31,"passed_time":0.530323575,"remaining_time":1.126937597},
{"learn":[0.001392556256],"iteration":32,"passed_time":0.5361184184,"remaining_time":1.08848285},
{"learn":[0.001346762121],"iteration":33,"passed_time":0.5438044085,"remaining_time":1.055620322},
{"learn":[0.001301215949],"iteration":34,"passed_time":0.549162412,"remaining_time":1.019873051},
{"learn":[0.001266506799],"iteration":35,"passed_time":0.5576118286,"remaining_time":0.9913099175},
{"learn":[0.001185747295],"iteration":36,"passed_time":0.563612539,"remaining_time":0.9596645934},
{"learn":[0.0011599824],"iteration":37,"passed_time":0.5722990032,"remaining_time":0.9337510053},
{"learn":[0.001114198042],"iteration":38,"passed_time":0.5786536875,"remaining_time":0.9050737163},
{"learn":[0.001104216507],"iteration":39,"passed_time":0.584780568,"remaining_time":0.877170852},
{"learn":[0.001087195016],"iteration":40,"passed_time":0.5922534778,"remaining_time":0.8522671998},
{"learn":[0.001077959954],"iteration":41,"passed_time":0.5988665753,"remaining_time":0.827006223},
{"learn":[0.00103868411],"iteration":42,"passed_time":0.6053390887,"remaining_time":0.8024262339},
{"learn":[0.001006720354],"iteration":43,"passed_time":0.6130848334,"remaining_time":0.7802897879},
{"learn":[0.0009979943908],"iteration":44,"passed_time":0.6214394028,"remaining_time":0.7595370479},
{"learn":[0.0009919886433],"iteration":45,"passed_time":0.6268890619,"remaining_time":0.7359132465},
{"learn":[0.0009872165227],"iteration":46,"passed_time":0.633539123,"remaining_time":0.7144164578},
{"learn":[0.0009819711782],"iteration":47,"passed_time":0.6399351644,"remaining_time":0.6932630948},
{"learn":[0.0009579685034],"iteration":48,"passed_time":0.6451765297,"remaining_time":0.6715102656},
{"learn":[0.0009357950946],"iteration":49,"passed_time":0.6529068707,"remaining_time":0.6529068707},
{"learn":[0.0009119281661],"iteration":50,"passed_time":0.6579725077,"remaining_time":0.6321696643},
{"learn":[0.0008930223503],"iteration":51,"passed_time":0.66490681,"remaining_time":0.6137601323},
{"learn":[0.0008755350389],"iteration":52,"passed_time":0.671991033,"remaining_time":0.5959165764},
{"learn":[0.0008595287634],"iteration":53,"passed_time":0.67843192,"remaining_time":0.5779234874},
{"learn":[0.0008444685156],"iteration":54,"passed_time":0.6862172558,"remaining_time":0.561450482},
{"learn":[0.0008304380262],"iteration":55,"passed_time":0.6919546515,"remaining_time":0.5436786547},
{"learn":[0.0008172433191],"iteration":56,"passed_time":0.700170422,"remaining_time":0.5281987394},
{"learn":[0.0008048496809],"iteration":57,"passed_time":0.7057327969,"remaining_time":0.5110478874},
{"learn":[0.0007931490387],"iteration":58,"passed_time":0.712969252,"remaining_time":0.495453209},
{"learn":[0.0007817434168],"iteration":59,"passed_time":0.7191655634,"remaining_time":0.479443709},
{"learn":[0.0007705303402],"iteration":60,"passed_time":0.7249020405,"remaining_time":0.4634619603},
{"learn":[0.000755702311],"iteration":61,"passed_time":0.7325954346,"remaining_time":0.4490101051},
{"learn":[0.0007458220012],"iteration":62,"passed_time":0.7393279289,"remaining_time":0.4342084662},
{"learn":[0.0007362655998],"iteration":63,"passed_time":0.7474564674,"remaining_time":0.4204442629},
{"learn":[0.0007267468969],"iteration":64,"passed_time":0.7528480241,"remaining_time":0.4053797053},
{"learn":[0.0007174607676],"iteration":65,"passed_time":0.759127415,"remaining_time":0.3910656381},
{"learn":[0.0007088977538],"iteration":66,"passed_time":0.7643915534,"remaining_time":0.3764913621},
{"learn":[0.0007006082497],"iteration":67,"passed_time":0.769649152,"remaining_time":0.3621878362},
{"learn":[0.0006928922233],"iteration":68,"passed_time":0.777291498,"remaining_time":0.3492179194},
{"learn":[0.0006849143839],"iteration":69,"passed_time":0.7830822953,"remaining_time":0.335606698},
{"learn":[0.0006618941761],"iteration":70,"passed_time":0.7890831741,"remaining_time":0.3223015781},
{"learn":[0.0006549168262],"iteration":71,"passed_time":0.7951724335,"remaining_time":0.3092337241},
{"learn":[0.0006304076205],"iteration":72,"passed_time":0.8005577682,"remaining_time":0.2960967088},
{"learn":[0.0006243846192],"iteration":73,"passed_time":0.8067083866,"remaining_time":0.2834380818},
{"learn":[0.0006185247064],"iteration":74,"passed_time":0.8120582754,"remaining_time":0.2706860918},
{"learn":[0.0005968524375],"iteration":75,"passed_time":0.8174439108,"remaining_time":0.2581401823},
{"learn":[0.0005898334983],"iteration":76,"passed_time":0.8237499511,"remaining_time":0.2460551802},
{"learn":[0.0005707107733],"iteration":77,"passed_time":0.8292186299,"remaining_time":0.2338821777},
{"learn":[0.0005644397212],"iteration":78,"passed_time":0.8344681765,"remaining_time":0.2218206545},
{"learn":[0.0005471558862],"iteration":79,"passed_time":0.8404526642,"remaining_time":0.210113166},
{"learn":[0.0005420637052],"iteration":80,"passed_time":0.845655922,"remaining_time":0.1983637348},
{"learn":[0.0005372546982],"iteration":81,"passed_time":0.8510356295,"remaining_time":0.1868126991},
{"learn":[0.0005315753087],"iteration":82,"passed_time":0.8574625999,"remaining_time":0.1756248699},
{"learn":[0.0005164242113],"iteration":83,"passed_time":0.8629149148,"remaining_time":0.1643647457},
{"learn":[0.0005115005025],"iteration":84,"passed_time":0.8691462393,"remaining_time":0.1533787481},
{"learn":[0.0005076195039],"iteration":85,"passed_time":0.8743260177,"remaining_time":0.1423321424},
{"learn":[0.0005039842287],"iteration":86,"passed_time":0.8794230155,"remaining_time":0.1314080368},
{"learn":[0.0005005077194],"iteration":87,"passed_time":0.8853338459,"remaining_time":0.1207273426},
{"learn":[0.0004973284384],"iteration":88,"passed_time":0.8907925905,"remaining_time":0.1100979606},
{"learn":[0.0004946510794],"iteration":89,"passed_time":0.8957923127,"remaining_time":0.09953247919},
{"learn":[0.0004899946523],"iteration":90,"passed_time":0.9020615573,"remaining_time":0.08921487929},
{"learn":[0.0004850263553],"iteration":91,"passed_time":0.9070569087,"remaining_time":0.0788745138},
{"learn":[0.0004724838159],"iteration":92,"passed_time":0.913349975,"remaining_time":0.06874677231},
{"learn":[0.0004685374764],"iteration":93,"passed_time":0.919372884,"remaining_time":0.05868337557},
{"learn":[0.0004645249925],"iteration":94,"passed_time":0.9245646088,"remaining_time":0.0486612952},
{"learn":[0.000461957363],"iteration":95,"passed_time":0.9294954998,"remaining_time":0.03872897916},
{"learn":[0.0004592519669],"iteration":96,"passed_time":0.9353237247,"remaining_time":0.02892753788},
{"learn":[0.0004567835842],"iteration":97,"passed_time":0.9403738942,"remaining_time":0.01919130396},
{"learn":[0.0004522273734],"iteration":98,"passed_time":0.9457142922,"remaining_time":0.009552669618},
{"learn":[0.000441676295],"iteration":99,"passed_time":0.9528646423,"remaining_time":0}
]}