{
"meta":{"test_sets":[],"test_metrics":[],"learn_metrics":[{"best_value":"Min","name":"Logloss"}],"launch_mode":"Train","parameters":"","iteration_count":100,"learn_sets":["learn"],"name":"experiment"},
"iterations":[
{"learn":[0.6677080946],"iteration":0,"passed_time":0.159029639,"remaining_time":15.74393426},
{"learn":[0.6481972103],"iteration":1,"passed_time":0.1619938833,"remaining_time":7.93770028},
{"learn":[0.6284693979],"iteration":2,"passed_time":0.1649712997,"remaining_time":5.334072023},
{"learn":[0.6109166912],"iteration":3,"passed_time":0.1679838011,"remaining_time":4.031611227},
{"learn":[0.6007916323],"iteration":4,"passed_time":0.170245773,"remaining_time":3.234669687},
{"learn":[0.5844327785],"iteration":5,"passed_time":0.1723160376,"remaining_time":2.699617923},
{"learn":[0.5679074817],"iteration":6,"passed_time":0.1742512643,"remaining_time":2.315052511},
{"learn":[0.5497919387],"iteration":7,"passed_time":0.1766591121,"remaining_time":2.03157979},
{"learn":[0.533277033],"iteration":8,"passed_time":0.1785202226,"remaining_time":1.805037806},
{"learn":[0.5201021959],"iteration":9,"passed_time":0.1803984637,"remaining_time":1.623586173},
{"learn":[0.5062458427],"iteration":10,"passed_time":0.1818692378,"remaining_time":1.471487469},
{"learn":[0.4944755486],"iteration":11,"passed_time":0.1831038547,"remaining_time":1.342761601},
{"learn":[0.4816587194],"iteration":12,"passed_time":0.1843091316,"remaining_time":1.233453419},
{"learn":[0.4643534282],"iteration":13,"passed_time":0.184729191,"remaining_time":1.13476503},
{"learn":[0.4540771139],"iteration":14,"passed_time":0.1859369005,"remaining_time":1.053642436},
{"learn":[0.4438209618],"iteration":15,"passed_time":0.1873713955,"remaining_time":0.9836998265},
{"learn":[0.4354304878],"iteration":16,"passed_time":0.1886495557,"remaining_time":0.9210537132},
{"learn":[0.4267877101],"iteration":17,"passed_time":0.1897592206,"remaining_time":0.8644586715},
{"learn":[0.4191911064],"iteration":18,"passed_time":0.1907949004,"remaining_time":0.813388786},
{"learn":[0.4123881374],"iteration":19,"passed_time":0.1918358756,"remaining_time":0.7673435024},
{"learn":[0.4028732651],"iteration":20,"passed_time":0.1928529918,"remaining_time":0.7254945882},
{"learn":[0.394122821],"iteration":21,"passed_time":0.1939621658,"remaining_time":0.6876840424},
{"learn":[0.3867273995],"iteration":22,"passed_time":0.1950374739,"remaining_time":0.652951543},
{"learn":[0.3806878005],"iteration":23,"passed_time":0.1960033918,"remaining_time":0.6206774072},
{"learn":[0.3744658361],"iteration":24,"passed_time":0.1969144803,"remaining_time":0.5907434409},
{"learn":[0.3686734659],"iteration":25,"passed_time":0.197885519,"remaining_time":0.5632126309},
{"learn":[0.3626474858],"iteration":26,"passed_time":0.1987955675,"remaining_time":0.5374843121},
{"learn":[0.3537944669],"iteration":27,"passed_time":0.1996657109,"remaining_time":0.5134261139},
{"learn":[0.3475562983],"iteration":28,"passed_time":0.2006490763,"remaining_time":0.4912442902},
{"learn":[0.3408966247],"iteration":29,"passed_time":0.2015486826,"remaining_time":0.4702802593},
{"learn":[0.336347116],"iteration":30,"passed_time":0.2025916339,"remaining_time":0.4509297658},
{"learn":[0.3301341257],"iteration":31,"passed_time":0.2035764606,"remaining_time":0.4325999788},
{"learn":[0.3259571655],"iteration":32,"passed_time":0.2046467541,"remaining_time":0.415494925},
{"learn":[0.3212267951],"iteration":33,"passed_time":0.2056613977,"remaining_time":0.3992250662},
{"learn":[0.3161303372],"iteration":34,"passed_time":0.206936868,"remaining_time":0.3843113263},
{"learn":[0.3095195579],"iteration":35,"passed_time":0.2076392688,"remaining_time":0.3691364779},
{"learn":[0.302553358],"iteration":36,"passed_time":0.2080956505,"remaining_time":0.3543250265},
{"learn":[0.2976575198],"iteration":37,"passed_time":0.2093833657,"remaining_time":0.3416254915},
{"learn":[0.2937581474],"iteration":38,"passed_time":0.2103865599,"remaining_time":0.3290661578},
{"learn":[0.2888254545],"iteration":39,"passed_time":0.2113167424,"remaining_time":0.3169751136},
{"learn":[0.2842701874],"iteration":40,"passed_time":0.2122470828,"remaining_time":0.3054287289},
{"learn":[0.2806303128],"iteration":41,"passed_time":0.2131249558,"remaining_time":0.2943154152},
{"learn":[0.2773159019],"iteration":42,"passed_time":0.2139385878,"remaining_time":0.2835930118},
{"learn":[0.274558137],"iteration":43,"passed_time":0.2150281537,"remaining_time":0.2736721956},
{"learn":[0.272024929],"iteration":44,"passed_time":0.216239119,"remaining_time":0.2642922565},
{"learn":[0.2672502811],"iteration":45,"passed_time":0.2171705305,"remaining_time":0.2549393185},
{"learn":[0.2633510251],"iteration":46,"passed_time":0.2182877732,"remaining_time":0.2461542974},
{"learn":[0.2602321516],"iteration":47,"passed_time":0.2196364502,"remaining_time":0.2379394877},
{"learn":[0.257370541],"iteration":48,"passed_time":0.2208550005,"remaining_time":0.2298694903},
{"learn":[0.2537896821],"iteration":49,"passed_time":0.2220707297,"remaining_time":0.2220707297},
{"learn":[0.2505333104],"iteration":50,"passed_time":0.2232845905,"remaining_time":0.2145283321},
{"learn":[0.2475896225],"iteration":51,"passed_time":0.2243390864,"remaining_time":0.2070822336},
{"learn":[0.2448067117],"iteration":52,"passed_time":0.225511155,"remaining_time":0.1999815903},
{"learn":[0.2429692238],"iteration":53,"passed_time":0.2264398222,"remaining_time":0.1928931819},
{"learn":[0.2410857653],"iteration":54,"passed_time":0.2273502504,"remaining_time":0.1860138412},
{"learn":[0.2388121686],"iteration":55,"passed_time":0.2283111776,"remaining_time":0.1793873538},
{"learn":[0.2362310412],"iteration":56,"passed_time":0.2293155969,"remaining_time":0.1729924678},
{"learn":[0.2331734365],"iteration":57,"passed_time":0.2305092809,"remaining_time":0.1669205138},
{"learn":[0.2303900666],"iteration":58,"passed_time":0.2317234898,"remaining_time":0.1610281878},
{"learn":[0.228524897],"iteration":59,"passed_time":0.2346316768,"remaining_time":0.1564211179},
{"learn":[0.2260567929],"iteration":60,"passed_time":0.2359005021,"remaining_time":0.1508216325},
{"learn":[0.2233272802],"iteration":61,"passed_time":0.2365842336,"remaining_time":0.1450032399},
{"learn":[0.2206738399],"iteration":62,"passed_time":0.2374430215,"remaining_time":0.1394506634},
{"learn":[0.2181333187],"iteration":63,"passed_time":0.2382515973,"remaining_time":0.1340165235},
{"learn":[0.21653419],"iteration":64,"passed_time":0.2391932037,"remaining_time":0.1287963404},
{"learn":[0.2135721143],"iteration":65,"passed_time":0.2402014341,"remaining_time":0.1237401327},
{"learn":[0.2116952085],"iteration":66,"passed_time":0.2411830551,"remaining_time":0.118791654},
{"learn":[0.2090845385],"iteration":67,"passed_time":0.2421513761,"remaining_time":0.1139535887},
{"learn":[0.2064031134],"iteration":68,"passed_time":0.2428455104,"remaining_time":0.1091045047},
{"learn":[0.204312079],"iteration":69,"passed_time":0.2441177915,"remaining_time":0.1046219107},
{"learn":[0.202718518],"iteration":70,"passed_time":0.2455892438,"remaining_time":0.1003110996},
{"learn":[0.2005872609],"iteration":71,"passed_time":0.2466644685,"remaining_time":0.09592507108},
{"learn":[0.1993901608],"iteration":72,"passed_time":0.2476802978,"remaining_time":0.09160778139},
{"learn":[0.1973334588],"iteration":73,"passed_time":0.2488015222,"remaining_time":0.08741675105},
{"learn":[0.1957211631],"iteration":74,"passed_time":0.2498167062,"remaining_time":0.0832722354},
{"learn":[0.194723235],"iteration":75,"passed_time":0.250665068,"remaining_time":0.0791573899},
{"learn":[0.1927450146],"iteration":76,"passed_time":0.2514651299,"remaining_time":0.07511296087},
{"learn":[0.1911890043],"iteration":77,"passed_time":0.2522647409,"remaining_time":0.0711515936},
{"learn":[0.1896329689],"iteration":78,"passed_time":0.2530990584,"remaining_time":0.06727949654},
{"learn":[0.1883468656],"iteration":79,"passed_time":0.2539211121,"remaining_time":0.06348027801},
{"learn":[0.1869222161],"iteration":80,"passed_time":0.2547178058,"remaining_time":0.05974862112},
{"learn":[0.184918485],"iteration":81,"passed_time":0.2555069652,"remaining_time":0.0560868948},
{"learn":[0.1840456552],"iteration":82,"passed_time":0.2562825061,"remaining_time":0.05249159763},
{"learn":[0.1827822224],"iteration":83,"passed_time":0.2575182648,"remaining_time":0.04905109805},
{"learn":[0.1818696272],"iteration":84,"passed_time":0.2587057246,"remaining_time":0.0456539514},
{"learn":[0.1808916813],"iteration":85,"passed_time":0.2599811021,"remaining_time":0.04232250499},
{"learn":[0.179705592],"iteration":86,"passed_time":0.260930667,"remaining_time":0.0389896399},
{"learn":[0.1785301585],"iteration":87,"passed_time":0.2618580223,"remaining_time":0.03570791214},
{"learn":[0.1771004846],"iteration":88,"passed_time":0.2628935638,"remaining_time":0.03249246294},
{"learn":[0.1755618325],"iteration":89,"passed_time":0.2638448231,"remaining_time":0.02931609145},
{"learn":[0.1741795646],"iteration":90,"passed_time":0.2647186059,"remaining_time":0.02618096102},
{"learn":[0.172834193],"iteration":91,"passed_time":0.2655519712,"remaining_time":0.02309147575},
{"learn":[0.1711511985],"iteration":92,"passed_time":0.266375708,"remaining_time":0.02004978447},
{"learn":[0.1700866297],"iteration":93,"passed_time":0.2671805627,"remaining_time":0.01705407847},
{"learn":[0.169075908],"iteration":94,"passed_time":0.2679653545,"remaining_time":0.01410343971},
{"learn":[0.1674946576],"iteration":95,"passed_time":0.2687477188,"remaining_time":0.01119782162},
{"learn":[0.1659225212],"iteration":96,"passed_time":0.2695248995,"remaining_time":0.008335821633},
{"learn":[0.1646353797],"iteration":97,"passed_time":0.2703409563,"remaining_time":0.005517162373},
{"learn":[0.1634665211],"iteration":98,"passed_time":0.2712637917,"remaining_time":0.0027400383},
{"learn":[0.1622523689],"iteration":99,"passed_time":0.2725882918,"remaining_time":0}
]}